"id","name","full_name","numContributors","numCommits","numClasses","numFiles","time","LOC","ContextLOC","ContextNumCommits","ContextNumContributors","ContextTime","context"
"6116af81ff0b2031e407124b","sqlcmd","P0SITIV/sqlcmd","2","217","29","29","33211","1931","LOW","HIGH","LOW","HIGH","6"
"6116af85ff0b2031e407132a","Anguriara","lucazanrosso/Anguriara","1","292","21","19","32644","4287","LOW","HIGH","LOW","HIGH","6"
"6116b40fff0b202190c4095d","HorizonShips","Rhisereld/HorizonShips","2","214","12","12","27715","4417","LOW","HIGH","LOW","HIGH","6"
"6116b413ff0b202190c40a36","min","tayfunbiyikoglu/min","1","182","12","12","21988","2136","LOW","HIGH","LOW","HIGH","6"
"6116b7b3ff0b2021b42a54cd","biblioteca-suman","suman29/biblioteca-suman","2","162","91","91","22311","4668","LOW","HIGH","LOW","HIGH","6"
"6116b7b7ff0b2021b42a5571","MyPlayer","shingrus/MyPlayer","2","150","27","16","22395","4007","LOW","HIGH","LOW","HIGH","6"
"6116b8d0ff0b201420c4240d","TTLEditor","segin/TTLEditor","1","154","7","5","25269","2165","LOW","HIGH","LOW","HIGH","6"
"6116b8d2ff0b201420c424af","CodingInterviews","SuperMardle/CodingInterviews","2","159","71","62","32827","3759","LOW","HIGH","LOW","HIGH","6"
"6116b9f2ff0b201994d04133","AutoSwitch","thebombzen/AutoSwitch","2","173","16","17","32298","4469","LOW","HIGH","LOW","HIGH","6"
"6116b9f4ff0b201994d041f8","Random-Notes","Zarkopafilis/Random-Notes","2","166","12","18","31374","1936","LOW","HIGH","LOW","HIGH","6"
"6116bad1ff0b202ce0fcd199","OCAJSE8","zatenzu/OCAJSE8","1","244","110","110","18000","4611","LOW","HIGH","LOW","HIGH","6"
"6116bad4ff0b202ce0fcd28f","TagAPI","TheDiamondGuy/TagAPI","2","154","36","29","17313","4521","LOW","HIGH","LOW","HIGH","6"
"6116bbb2ff0b201d242978b3","bing-image-grabber","twbarber/bing-image-grabber","1","191","23","23","19709","2816","LOW","HIGH","LOW","HIGH","6"
"6116bbb6ff0b201d2429797c","osgi","xingguang2013/osgi","2","238","17","16","34354","3943","LOW","HIGH","LOW","HIGH","6"
"6116bd4bff0b202d6c78ffa2","thelq-pircbotx","TheLQ/thelq-pircbotx","1","243","34","28","17640","3376","LOW","HIGH","LOW","HIGH","6"
"6116bd4fff0b202d6c790097","seddi","TheLQ/seddi","2","263","24","19","21829","3072","LOW","HIGH","LOW","HIGH","6"
"6116c147ff0b201700c585d5","minecraft_mod_thx","theoxylo/minecraft_mod_thx","1","213","21","21","19092","4624","LOW","HIGH","LOW","HIGH","6"
"6116c14dff0b201700c586c5","Image_vectorizer","zeroblitz36/Image_vectorizer","1","176","19","17","18149","2452","LOW","HIGH","LOW","HIGH","6"
"6116c5f7ff0b203b7cfaa825","interpres","thomasbrus/interpres","2","279","54","52","21263","3313","LOW","HIGH","LOW","HIGH","6"
"6116c5fdff0b203b7cfaa95a","elasticsearch-suggest-plugin","zhiying8710/elasticsearch-suggest-plugin","2","187","42","36","24662","4159","LOW","HIGH","LOW","HIGH","6"
"6116c731ff0b201e082d60ad","home-budget","satrapu/home-budget","2","176","33","36","27930","3685","LOW","HIGH","LOW","HIGH","6"
"6116c754ff0b201e082d615f","microsoft-translator-java-api","sohel274/microsoft-translator-java-api","2","182","14","13","33051","3252","LOW","HIGH","LOW","HIGH","6"
"6116d18fff0b202c7825ab88","hdp-vagrant-generator","timveil/hdp-vagrant-generator","1","164","11","12","33255","1705","LOW","HIGH","LOW","HIGH","6"
"6116d192ff0b202c7825ac2f","giftidea","sgrailways/giftidea","2","218","53","48","24909","3398","LOW","HIGH","LOW","HIGH","6"
"6117f059ff0b203608f154e2","Vampire","Zukrein/Vampire","2","152","50","52","21256","4644","LOW","HIGH","LOW","HIGH","6"
"6117f05dff0b203608f1557c","robocode_bots.EvBotNG","evgmik/robocode_bots.EvBotNG","1","258","3","3","19990","2397","LOW","HIGH","LOW","HIGH","6"
"6117f136ff0b203b5cd66a10","JSCover2","tntim96/JSCover2","2","261","57","57","36535","3816","LOW","HIGH","LOW","HIGH","6"
"6117f138ff0b203b5cd66b19","Lexer","Toberumono/Lexer","1","170","29","30","25202","3953","LOW","HIGH","LOW","HIGH","6"
"6117f273ff0b20281c75d1f3","polyglot-rovers","toddmowen/polyglot-rovers","1","160","23","20","30135","4183","LOW","HIGH","LOW","HIGH","6"
"6117f274ff0b20281c75d295","ci-sauce","shutterfly/ci-sauce","2","253","22","18","22486","3008","LOW","HIGH","LOW","HIGH","6"
"61185794ff0b202140a01af6","wailanbt","sb023612/wailanbt","9","163","13","13","1794","3332","LOW","HIGH","HIGH","LOW","7"
"6118579aff0b202140a01b9b","DesktopHipster","scanniza/DesktopHipster","10","312","51","54","1673","2867","LOW","HIGH","HIGH","LOW","7"
"61185938ff0b2046b83b5840","Hello.App","Schulprojekt/Hello.App","8","195","24","23","911","4455","LOW","HIGH","HIGH","LOW","7"
"6118593aff0b2046b83b5905","GameJam","sconealone/GameJam","7","166","12","12","569","2334","LOW","HIGH","HIGH","LOW","7"
"61185e5cff0b2046d43ff0ca","sidannarverkefni","SpiderPigs/sidannarverkefni","7","164","8","8","345","2531","LOW","HIGH","HIGH","LOW","7"
"61185e5eff0b2046d43ff171","cultu-sim","Goblinz/cultu-sim","12","197","23","25","937","4254","LOW","HIGH","HIGH","LOW","7"
"61185f36ff0b2044341a0993","ClueGameExp","syoshiha/ClueGameExp","7","148","22","22","886","3682","LOW","HIGH","HIGH","LOW","7"
"61185f38ff0b2044341a0a29","SoftwareEngineering73","Len95/SoftwareEngineering73","7","174","28","32","1123","3946","LOW","HIGH","HIGH","LOW","7"
"611863a0ff0b201b4c3c4376","snackbar","Sefford/snackbar","14","188","14","12","2868","3534","LOW","HIGH","HIGH","LOW","7"
"611863a3ff0b201b4c3c4444","ZSWI_monitoring","Sekiphp/ZSWI_monitoring","12","160","19","20","1820","2808","LOW","HIGH","HIGH","LOW","7"
"6118668c88d4f32db42e4970","P2P_Project","ssanupam24/P2P_Project","12","166","18","17","1901","3439","LOW","HIGH","HIGH","LOW","7"
"6118668e88d4f32db42e4a18","saltstack-netapi-client-java","sschober/saltstack-netapi-client-java","9","151","25","22","3025","3145","LOW","HIGH","HIGH","LOW","7"
"61186bc988d4f3082cd45be7","Connect-4-Game","waiyeung/Connect-4-Game","7","198","23","23","778","3052","LOW","HIGH","HIGH","LOW","7"
"61186bcd88d4f3082cd45cb1","PizzaWebshop","TheKaindorfCompany/PizzaWebshop","16","156","27","28","2015","4714","LOW","HIGH","HIGH","LOW","7"
"61186d8a88d4f31cc8b446d7","CS160","chaoservices/CS160","13","207","23","23","2162","4059","LOW","HIGH","HIGH","LOW","7"
"61186d8f88d4f31cc8b447a8","JavaMapper","ThinkBigZach/JavaMapper","7","252","11","11","1488","2209","LOW","HIGH","HIGH","LOW","7"
"61186ec788d4f318dc2ad2d2","PsyLog","SW807/PsyLog","7","211","22","19","1389","2218","LOW","HIGH","HIGH","LOW","7"
"61186eca88d4f318dc2ad3b6","Banco-Imobiliario","UFC-Quixada-PDS2014-2/Banco-Imobiliario","14","188","70","73","1122","4371","LOW","HIGH","HIGH","LOW","7"
"611adf2bff0b204214d0e773","projet1","TL1-fa17/projet1","9","219","18","17","959","3438","LOW","HIGH","HIGH","LOW","7"
"611adf36ff0b204214d0e886","ZeppelinPi","tmertensacker/ZeppelinPi","14","207","15","14","2930","4059","LOW","HIGH","HIGH","LOW","7"
"611ae027ff0b2049ac420437","FloatingActionButton","whysqwhw/FloatingActionButton","8","258","18","10","3296","3667","LOW","HIGH","HIGH","LOW","7"
"611ae02fff0b2049ac42053b","InfoExpr2","MaxMEllon/InfoExpr2","8","188","29","28","2607","3883","LOW","HIGH","HIGH","LOW","7"
"611ae186ff0b204384e62adc","musicalChairs","Octoberapples/musicalChairs","8","216","8","6","522","2727","LOW","HIGH","HIGH","LOW","7"
"611ae18bff0b204384e62be1","FTBLaunch","wisesascha/FTBLaunch","11","241","33","31","2052","3873","LOW","HIGH","HIGH","LOW","7"
"611b0875ff0b20008454f360","inf2013_sudoku","wOOx92/inf2013_sudoku","8","224","18","18","1271","4118","LOW","HIGH","HIGH","LOW","7"
"611b0879ff0b20008454f442","GoldMine","vegaen/GoldMine","9","224","21","21","1205","4235","LOW","HIGH","HIGH","LOW","7"
"611b0c78ff0b2044cc24e4c8","AtcInt-King-of-Tokyo","joey44/AtcInt-King-of-Tokyo","8","164","22","12","839","3981","LOW","HIGH","HIGH","LOW","7"
"611b0c7cff0b2044cc24e56e","massive-tyrion","wyollinger1/massive-tyrion","9","174","11","11","1688","4829","LOW","HIGH","HIGH","LOW","7"
"611b115aff0b2025d0fd8ad6","IDKProject_MID2_PFID3","TimFra/IDKProject_MID2_PFID3","8","213","20","20","650","3292","LOW","HIGH","HIGH","LOW","7"
"611b115dff0b2025d0fd8bad","Pedometer","sifang/Pedometer","10","151","17","17","2115","4577","LOW","HIGH","HIGH","LOW","7"
"611bbd9eff0b202f94e7fbe9","Soft-Werke-practic","PolinkaLa/Soft-Werke-practic","1","11","27","30","787","2151","LOW","LOW","LOW","LOW","1"
"611bbda0ff0b202f94e7fbf6","-M2RAdvProg-Photo_Browser","CedricPortaneri/-M2RAdvProg-Photo_Browser","1","9","23","24","3015","2074","LOW","LOW","LOW","LOW","1"
"611bc023ff0b20495847860d","PAC1","sadam0930/PAC1","2","16","28","30","1775","2156","LOW","LOW","LOW","LOW","1"
"611bc025ff0b20495847861f","JFuzzyLogic","lailson/JFuzzyLogic","1","11","4","4","791","1816","LOW","LOW","LOW","LOW","1"
"611bc801ff0b20398c68e344","elfichero-app","lfelipemarin/elfichero-app","2","7","17","15","1485","1985","LOW","LOW","LOW","LOW","1"
"611bc803ff0b20398c68e34d","supermathtestforkids_alpha","JimmyKenMerchant/supermathtestforkids_alpha","1","8","11","11","2928","2285","LOW","LOW","LOW","LOW","1"
"611bc92eff0b201c54d98a03","DailySelfie","macintoshgenius/DailySelfie","2","17","18","9","427","1470","LOW","LOW","LOW","LOW","1"
"611bc930ff0b201c54d98a16","buildingmanteinancefront","nkosy/buildingmanteinancefront","2","13","33","30","300","3355","LOW","LOW","LOW","LOW","1"
"611bc9f4ff0b203ecc695e24","Todo","londhegaurav/Todo","1","18","8","13","3120","3506","LOW","LOW","LOW","LOW","1"
"611bc9f5ff0b203ecc695e38","cheesesquare","bdiegel/cheesesquare","2","9","7","4","1363","1736","LOW","LOW","LOW","LOW","1"
"611bcaf4ff0b202c7085e3b8","JavaCode","proverbs/JavaCode","1","19","52","37","297","3150","LOW","LOW","LOW","LOW","1"
"611bcaf5ff0b202c7085e3cd","RubiksSolver","ppicinic/RubiksSolver","1","10","6","6","532","4026","LOW","LOW","LOW","LOW","1"
"611bffc6ff0b2048acafe976","imconnect","jp-vergine/imconnect","1","22","27","27","1013","3133","LOW","LOW","LOW","LOW","1"
"611bffc8ff0b2048acafe98e","InterestingTitleBar","xiangtailiang/InterestingTitleBar","2","9","10","10","2235","1823","LOW","LOW","LOW","LOW","1"
"611c01b6ff0b202b8c06ca05","EasySendToKindle","jiaoyilun/EasySendToKindle","1","12","12","11","489","2302","LOW","LOW","LOW","LOW","1"
"611c01b7ff0b202b8c06ca16","Monit","ericdallo/Monit","1","9","16","16","1130","2684","LOW","LOW","LOW","LOW","1"
"611c0634ff0b20385820d114","wtur","jwright1553/wtur","1","14","11","9","903","1665","LOW","LOW","LOW","LOW","1"
"611c0636ff0b20385820d124","Control-Equipment","JesimonBarreto/Control-Equipment","1","14","14","14","957","2402","LOW","LOW","LOW","LOW","1"
"611c0761ff0b202fd8af20fd","gameCourse","SinghSaab/gameCourse","1","13","12","12","1417","1715","LOW","LOW","LOW","LOW","1"
"611c0762ff0b202fd8af2119","storm-state","stormprocessor/storm-state","1","25","36","21","512","2611","LOW","LOW","LOW","LOW","1"
"611c0b03ff0b203b709895dc","ProjectCrypto","rcmgleite/ProjectCrypto","1","15","10","10","885","2162","LOW","LOW","LOW","LOW","1"
"611c0b04ff0b203b709895ed","TsmsServer","dancoconetu/TsmsServer","1","15","6","6","1346","1457","LOW","LOW","LOW","LOW","1"
"611c0c4eff0b200ccc18cf09","dw-commons-image","freeroy/dw-commons-image","1","13","21","14","1178","3232","LOW","LOW","LOW","LOW","1"
"611c0c4fff0b200ccc18cf1b","gwt-task-infps","storytime/gwt-task-infps","2","16","38","34","491","1644","LOW","LOW","LOW","LOW","1"
"611c0dc5ff0b200db44cb7fe","Ribbit","Malemute/Ribbit","1","11","16","15","295","2507","LOW","LOW","LOW","LOW","1"
"611c0dc6ff0b200db44cb80b","Rock-Paper-Scissors","gatsuh/Rock-Paper-Scissors","2","8","12","14","310","2098","LOW","LOW","LOW","LOW","1"
"611c0eeeff0b20267095db54","DrawMixPaint","SaViGnAnO/DrawMixPaint","2","17","10","8","790","1948","LOW","LOW","LOW","LOW","1"
"611c0eefff0b20267095db67","SlapPlayers","SlapGaming/SlapPlayers","1","11","21","23","1381","1814","LOW","LOW","LOW","LOW","1"
"611c10a0ff0b2030549634cd","Robot","stowka/Robot","1","21","22","25","361","2751","LOW","LOW","LOW","LOW","1"
"611c10a1ff0b2030549634e4","TypeTheory","stoyanovd/TypeTheory","1","17","29","29","330","1941","LOW","LOW","LOW","LOW","1"
"611fc7c012f9e0375c0bea4f","RatioLayout","Modificator/RatioLayout","1","13","9","9","26160","1930","LOW","LOW","LOW","HIGH","2"
"611fc7c212f9e0375c0bea60","OpenICF-connector-archetype","OpenRock/OpenICF-connector-archetype","2","19","1","5","38974","2593","LOW","LOW","LOW","HIGH","2"
"611fc8c312f9e00834e6ed68","performance-playground","bmwcmw/performance-playground","2","23","13","13","20009","2103","LOW","LOW","LOW","HIGH","2"
"611fc8c512f9e00834e6ed81","goprojavaapi","gonella/goprojavaapi","2","22","12","16","18403","3272","LOW","LOW","LOW","HIGH","2"
"611fce3712f9e034f8fa1df9","jgrive","sonpth/jgrive","2","12","17","17","32040","1542","LOW","LOW","LOW","HIGH","2"
"611fce3812f9e034f8fa1e08","wheel-of-fortune","Savovv/wheel-of-fortune","1","13","6","5","21258","1438","LOW","LOW","LOW","HIGH","2"
"611fcf6812f9e035986bf9d6","WeThePeople","SavvyWits/WeThePeople","2","20","24","12","20881","1868","LOW","LOW","LOW","HIGH","2"
"611fcf6912f9e035986bf9ec","javaUtility","Saintchi/javaUtility","2","11","19","20","27237","4747","LOW","LOW","LOW","HIGH","2"
"611fd18412f9e012a433ac2d","Java-Fighter-Attempt","formula1/Java-Fighter-Attempt","1","10","52","48","19419","4517","LOW","LOW","LOW","HIGH","2"
"611fd18612f9e012a433ac39","Leetcode","sinllychen/Leetcode","1","9","57","53","24306","2818","LOW","LOW","LOW","HIGH","2"
"611fd2c912f9e03138e24d2a","Sudoku","alshort/Sudoku","2","13","8","9","33723","1784","LOW","LOW","LOW","HIGH","2"
"611fd2cb12f9e03138e24d3a","keepass4j","NuiStrawBerry/keepass4j","2","16","45","45","38133","3723","LOW","LOW","LOW","HIGH","2"
"611fd5ea12f9e02520ada166","CMPT317A4","Bedrovelsen/CMPT317A4","1","7","2","2","30286","3958","LOW","LOW","LOW","HIGH","2"
"611fd5eb12f9e02520ada16f","speakerboost","ilvu/speakerboost","1","19","7","6","25034","1866","LOW","LOW","LOW","HIGH","2"
"611fd6cc12f9e0086cca31db","FantaEntity","chicco0386/FantaEntity","2","21","34","34","34058","3271","LOW","LOW","LOW","HIGH","2"
"611fd6ce12f9e0086cca31f4","skillbooks","jisaacs1207/skillbooks","2","13","16","14","23606","1819","LOW","LOW","LOW","HIGH","2"
"611fd83012f9e038b0cc6d37","RUDDB","ahmadHuss/RUDDB","2","8","6","1","27815","1544","LOW","LOW","LOW","HIGH","2"
"611fd83212f9e038b0cc6d41","SqliteEtilqs","slippers/SqliteEtilqs","1","10","44","39","20804","3766","LOW","LOW","LOW","HIGH","2"
"611fda1e12f9e00954f5d567","jbfc","SBasalaev/jbfc","1","18","23","23","24273","1928","LOW","LOW","LOW","HIGH","2"
"611fda2012f9e00954f5d57d","VVD_Converter","takashi310/VVD_Converter","1","11","5","4","17166","2932","LOW","LOW","LOW","HIGH","2"
"611fdb9c12f9e0280485a815","openmrs-module-casauth","iupui-soic/openmrs-module-casauth","1","8","4","4","38128","1365","LOW","LOW","LOW","HIGH","2"
"611fdb9e12f9e0280485a81f","stretchcom-media","StretchComputing/stretchcom-media","1","21","13","13","16903","2366","LOW","LOW","LOW","HIGH","2"
"611fdd5512f9e00768b633b4","Simple-Frames","Shalashalska/Simple-Frames","1","11","23","22","20429","2024","LOW","LOW","LOW","HIGH","2"
"611fdd5712f9e00768b633c1","ATM","sbluen/ATM","2","12","7","9","34709","1803","LOW","LOW","LOW","HIGH","2"
"611fdf2d12f9e017d084b13f","ShutdownApp","detac/ShutdownApp","1","7","8","9","16600","1710","LOW","LOW","LOW","HIGH","2"
"611fdf2e12f9e017d084b148","owasp-java-fileio","augustd/owasp-java-fileio","2","14","22","17","31012","4358","LOW","LOW","LOW","HIGH","2"
"611fe35712f9e01a587fd61e","commersium","jamcy/commersium","2","14","50","51","25451","3672","LOW","LOW","LOW","HIGH","2"
"611fe35a12f9e01a587fd62e","SoundLab","dfinkdd/SoundLab","2","22","8","8","19497","4064","LOW","LOW","LOW","HIGH","2"
"611fe48212f9e024ecda061e","ArithmeticsOnLargeNumbers","psioncoder/ArithmeticsOnLargeNumbers","2","9","2","2","19792","1381","LOW","LOW","LOW","HIGH","2"
"611fe48412f9e024ecda0629","collection","sorhus/collection","1","15","35","29","21792","2145","LOW","LOW","LOW","HIGH","2"
"6120f8ad12f9e01e10267ea3","CAPTCHA","ShahrzadT/CAPTCHA","9","17","18","19","867","3214","LOW","LOW","HIGH","LOW","3"
"6120f8af12f9e01e10267eb6","ChickenChunks","sb023612/ChickenChunks","7","16","36","22","329","4035","LOW","LOW","HIGH","LOW","3"
"6120f95712f9e0216067bcb2","cheesesquare","balaji-k13/cheesesquare","7","19","8","5","1036","2009","LOW","LOW","HIGH","LOW","3"
"6120f95812f9e0216067bcc8","EDA061_xl","initiumSrc/EDA061_xl","9","24","52","52","583","1937","LOW","LOW","HIGH","LOW","3"
"6120fab612f9e03d001068c8","PLSysConc","speedr972/PLSysConc","13","23","30","25","960","2917","LOW","LOW","HIGH","LOW","3"
"6120fab912f9e03d001068e1","CP-Cars","Neeeeena/CP-Cars","7","12","19","10","595","2066","LOW","LOW","HIGH","LOW","3"
"6120fba712f9e01c3448c2be","TSaaP-parser","Tartofraize/TSaaP-parser","8","16","31","32","337","2553","LOW","LOW","HIGH","LOW","3"
"6120fbaa12f9e01c3448c30b","Translocators","taswin/Translocators","9","24","24","19","3193","3355","LOW","LOW","HIGH","LOW","3"
"6120fc3812f9e01eb8935946","Installer","tcgm/Installer","7","24","12","10","990","1570","LOW","LOW","HIGH","LOW","3"
"6120fc3a12f9e01eb8935960","Freebies","Splitusa/Freebies","9","15","9","8","949","2322","LOW","LOW","HIGH","LOW","3"
"6120fceb12f9e028500ac05d","cafeteriaunach","sebastianamg/cafeteriaunach","7","24","7","7","581","3164","LOW","LOW","HIGH","LOW","3"
"6120fcee12f9e028500ac077","hexgraph","xiaoling/hexgraph","11","22","6","5","322","1733","LOW","LOW","HIGH","LOW","3"
"6120fe2e12f9e00cecdb1762","Epic-Lute","Three-Threes-Studios/Epic-Lute","7","25","11","11","501","3048","LOW","LOW","HIGH","LOW","3"
"6120fe3112f9e00cecdb177d","yarnapplicationstatistics","xu-hong/yarnapplicationstatistics","8","17","15","6","2983","3776","LOW","LOW","HIGH","LOW","3"
"6120ffe412f9e00db8a1e243","java-mid","synergytrainings/java-mid","8","22","89","79","997","3865","LOW","LOW","HIGH","LOW","3"
"6120ffe612f9e00db8a1e25d","Mastermind","zitag/Mastermind","7","19","7","7","774","3226","LOW","LOW","HIGH","LOW","3"
"612101c812f9e019c0cd5b03","huutoaanestys_back","softala1-2015k/huutoaanestys_back","8","16","13","13","1503","4449","LOW","LOW","HIGH","LOW","3"
"612101cb12f9e019c0cd5b16","PuzzleGame","unrealgamer/PuzzleGame","9","25","9","10","328","2932","LOW","LOW","HIGH","LOW","3"
"6121030c12f9e03a004bb0d8","poligraph","SFRJ/poligraph","7","17","34","31","1317","2107","LOW","LOW","HIGH","LOW","3"
"6121030f12f9e03a004bb0eb","eyepad","whatspaghetti/eyepad","7","11","36","22","293","4365","LOW","LOW","HIGH","LOW","3"
"6121045712f9e01594283ba0","ACD","coolbreeze000/ACD","7","19","58","58","2245","2109","LOW","LOW","HIGH","LOW","3"
"6121045912f9e01594283bb5","pdi-spark-plugin","usbrandon/pdi-spark-plugin","8","24","7","6","765","3269","LOW","LOW","HIGH","LOW","3"
"61210e0e12f9e0183019949f","Dunecraft","ValpoACM/Dunecraft","7","14","9","9","1376","1853","LOW","LOW","HIGH","LOW","3"
"61210e1112f9e018301994b0","IGI-app","Simon90/IGI-app","7","22","2","2","382","1404","LOW","LOW","HIGH","LOW","3"
"612113e312f9e03fc853a9c5","unicounter","simoyoyo/unicounter","9","21","2","2","553","3354","LOW","LOW","HIGH","LOW","3"
"612113e612f9e03fc853a9dc","Mentorshipproject","SineSkier/Mentorshipproject","7","21","50","12","2808","3643","LOW","LOW","HIGH","LOW","3"
"61211bed12f9e012a44cc2d1","Space-Trader","venea1391/Space-Trader","8","19","18","18","610","1626","LOW","LOW","HIGH","LOW","3"
"61211bf012f9e012a44cc2e6","IanLevel1","tuboss4u/IanLevel1","8","16","36","36","2378","2100","LOW","LOW","HIGH","LOW","3"
"61211e7b12f9e00480d5a8e0","BTLJavaSamSung","viethung92/BTLJavaSamSung","9","21","5","5","847","1966","LOW","LOW","HIGH","LOW","3"
"61211e7d12f9e00480d5a8f7","MinecraftServerPlugins","XGCF/MinecraftServerPlugins","8","20","1","1","959","3598","LOW","LOW","HIGH","LOW","3"
"6123d0d712f9e043f4258a34","BubbleBuster","Tahler/BubbleBuster","2","223","26","25","504","3407","LOW","HIGH","LOW","LOW","5"
"6123d0de12f9e043f4258b15","Miniprojekti","tahuomo/Miniprojekti","2","149","33","33","572","3144","LOW","HIGH","LOW","LOW","5"
"6124106012f9e026b44ac2e5","GamepackDownloader","Sothatsit/GamepackDownloader","1","302","32","25","556","3381","LOW","HIGH","LOW","LOW","5"
"6124106612f9e026b44ac415","TwitchBlade","aayushkapoor206/TwitchBlade","1","171","21","21","480","1912","LOW","HIGH","LOW","LOW","5"
"6124114512f9e008602936d1","NationsAndRanks","skwh/NationsAndRanks","1","152","14","14","852","2215","LOW","HIGH","LOW","LOW","5"
"6124114812f9e0086029376b","Sputnik","SputnikGame/Sputnik","2","152","53","54","2519","4774","LOW","HIGH","LOW","LOW","5"
"6124127312f9e03fe48925b8","TGVcraft","Sraye25/TGVcraft","1","175","5","5","305","1432","LOW","HIGH","LOW","LOW","5"
"6124127612f9e03fe4892669","TWU-Biblioteca-ShireeshaBongarala","shireeshaBongarala/TWU-Biblioteca-ShireeshaBongarala","1","178","40","40","342","2412","LOW","HIGH","LOW","LOW","5"
"61251d9112f9e03c400bc888","as-io","twbasham/as-io","2","202","51","53","729","2471","LOW","HIGH","LOW","LOW","5"
"61251d9812f9e03c400bc989","geo","twillouer/geo","1","208","13","16","336","3568","LOW","HIGH","LOW","LOW","5"
"6125780312f9e04d9c6679fb","Allomancy","ZenDarva/Allomancy","2","264","28","27","1583","4383","LOW","HIGH","LOW","LOW","5"
"6125780812f9e04d9c667b05","tdd-book","sanmalife/tdd-book","2","165","23","17","667","2429","LOW","HIGH","LOW","LOW","5"
"6125788e12f9e04174f75918","pagemining","xlvector/pagemining","1","180","39","30","893","2039","LOW","HIGH","LOW","LOW","5"
"6125789112f9e04174f759ce","chessbot","uhsprogrammingclub/chessbot","2","150","24","23","950","4623","LOW","HIGH","LOW","LOW","5"
"6125791812f9e02af4aa24f6","routing-simulator","Thynix/routing-simulator","1","203","35","28","3280","4622","LOW","HIGH","LOW","LOW","5"
"6125791b12f9e02af4aa25cd","FlashCard","snorham/FlashCard","2","256","28","24","542","2608","LOW","HIGH","LOW","LOW","5"
"612579ab12f9e042b0462b6b","DistributedBackup","tiansivive/DistributedBackup","2","176","20","12","1004","4041","LOW","HIGH","LOW","LOW","5"
"612579af12f9e042b0462c1d","SIMPL","syreal17/SIMPL","2","192","30","31","480","4559","LOW","HIGH","LOW","LOW","5"
"61257a7312f9e0425448b385","GeekBot","Tibler/GeekBot","2","159","54","60","499","4641","LOW","HIGH","LOW","LOW","5"
"61257a7712f9e0425448b42b","zookeeper-intellij","zizih/zookeeper-intellij","2","162","14","14","1345","1641","LOW","HIGH","LOW","LOW","5"
"61257b7c12f9e030ac2cd192","LeetCode_2nd","yakexinpy/LeetCode_2nd","1","168","6","159","1294","4705","LOW","HIGH","LOW","LOW","5"
"61257b7e12f9e030ac2cd23c","SteamGameSelector","sfcook/SteamGameSelector","1","228","14","14","384","4828","LOW","HIGH","LOW","LOW","5"
"61257c0112f9e023acf54c35","JCardGamesFX","ZoltanDalmadi/JCardGamesFX","1","201","32","33","932","4714","LOW","HIGH","LOW","LOW","5"
"61257c0512f9e023acf54d00","tinusbot","TinusTinus/tinusbot","1","215","31","37","863","3667","LOW","HIGH","LOW","LOW","5"
"612583fe12f9e00798a15af8","fembot2014A","sfhsfembot/fembot2014A","1","154","48","48","1895","4059","LOW","HIGH","LOW","LOW","5"
"6125840012f9e00798a15b94","APHW07","yankees2/APHW07","1","209","20","32","1748","3650","LOW","HIGH","LOW","LOW","5"
"612584f512f9e043c01a0618","InterviewPreparation","yao23/InterviewPreparation","1","263","76","49","1416","3994","LOW","HIGH","LOW","LOW","5"
"612584f812f9e043c01a0721","wba2_ss13","Shufro/wba2_ss13","1","173","15","15","873","4374","LOW","HIGH","LOW","LOW","5"
"6125858912f9e00c686ebf91","hangout","tinglinux/hangout","1","176","41","39","1346","3072","LOW","HIGH","LOW","LOW","5"
"6125858c12f9e00c686ec045","Java101","ygchan/Java101","1","257","86","87","651","4166","LOW","HIGH","LOW","LOW","5"
"612586c612f9e042a40295e8","fluent-logger-java","takawitter/fluent-logger-java","7","154","22","19","16942","2429","LOW","HIGH","HIGH","HIGH","8"
"612586c912f9e042a402968a","rt","stucco/rt","13","270","4","4","33898","1878","LOW","HIGH","HIGH","HIGH","8"
"6125882812f9e02f6065c482","exclusion-plugin","monkeylittleinc/exclusion-plugin","14","160","13","11","38810","4147","LOW","HIGH","HIGH","HIGH","8"
"6125883212f9e02f6065c52d","Deadbolt","jakesully123456/Deadbolt","16","262","23","24","36618","3255","LOW","HIGH","HIGH","HIGH","8"
"612588b212f9e044cc78a021","WorldBorder","spaceFountain/WorldBorder","13","163","45","43","34244","4669","LOW","HIGH","HIGH","HIGH","8"
"612588b612f9e044cc78a0c6","analysis-collector-plugin","tan9/analysis-collector-plugin","7","347","26","24","27939","4045","LOW","HIGH","HIGH","HIGH","8"
"61258eca12f9e042cc629ced","copyartifact-plugin","spark404/copyartifact-plugin","16","161","26","19","26314","3470","LOW","HIGH","HIGH","HIGH","8"
"61258ece12f9e042cc629db8","active-directory-plugin","spark404/active-directory-plugin","16","332","15","12","36484","2057","LOW","HIGH","HIGH","HIGH","8"
"6125902512f9e007283dfc6f","TopKekBot","aaomidi/TopKekBot","16","250","7","7","17769","1460","LOW","HIGH","HIGH","HIGH","8"
"6125902812f9e007283dfd7e","unirest-java","shazal/unirest-java","13","337","27","29","31979","3049","LOW","HIGH","HIGH","HIGH","8"
"6125910f12f9e029f47a7410","maven-plugins","sheat2500/maven-plugins","13","217","13","12","27434","4623","LOW","HIGH","HIGH","HIGH","8"
"6125911412f9e029f47a751d","NetherOres","skyboy/NetherOres","16","259","15","16","35347","3676","LOW","HIGH","HIGH","HIGH","8"
"612591ca12f9e044dc7a4213","camel-spring-amqp","skydjol/camel-spring-amqp","11","171","31","21","23362","4351","LOW","HIGH","HIGH","HIGH","8"
"612591cd12f9e044dc7a42c2","common","sugar-lang/common","7","279","24","18","37008","4331","LOW","HIGH","HIGH","HIGH","8"
"6125927212f9e00294088455","editor","sugar-lang/editor","11","282","17","15","35942","4719","LOW","HIGH","HIGH","HIGH","8"
"6125927612f9e0029408857b","bChatManager","scungilli/bChatManager","13","256","2","2","22480","1865","LOW","HIGH","HIGH","HIGH","8"
"6125949a12f9e03ae03d0ee0","cukespace","slaskawi/cukespace","7","159","60","55","20590","4761","LOW","HIGH","HIGH","HIGH","8"
"6125949e12f9e03ae03d0f8e","jcabi-parent","sunilkalva/jcabi-parent","9","320","1","2","22140","2935","LOW","HIGH","HIGH","HIGH","8"
"61259c3d12f9e035706db01e","TDD-Katas","theangrydev/TDD-Katas","9","306","4","4","32413","1474","LOW","HIGH","HIGH","HIGH","8"
"61259c4112f9e035706db159","robovm-maven-plugin","samskivert/robovm-maven-plugin","12","262","14","14","25660","3858","LOW","HIGH","HIGH","HIGH","8"
"61259cda12f9e03be03d4ff1","metrics-datadog","tvaughan77/metrics-datadog","13","157","29","23","26059","3560","LOW","HIGH","HIGH","HIGH","8"
"61259cdd12f9e03be03d50a0","jcabi-manifests","thecrow69/jcabi-manifests","7","191","8","10","23800","1877","LOW","HIGH","HIGH","HIGH","8"
"61259e4912f9e03ce4ecf509","XposedBridge","sen2121/XposedBridge","7","188","69","44","19059","2235","LOW","HIGH","HIGH","HIGH","8"
"61259e4d12f9e03ce4ecf5d2","socialprofilesheroku","sephthompson/socialprofilesheroku","7","154","8","8","18290","1536","LOW","HIGH","HIGH","HIGH","8"
"61259f6e12f9e00aecd42523","bspkrsCore","svgorbunov/bspkrsCore","7","329","35","37","18060","4486","LOW","HIGH","HIGH","HIGH","8"
"61259f7312f9e00aecd42683","guartz","sergiubalaceanu/guartz","7","183","13","14","20299","2046","LOW","HIGH","HIGH","HIGH","8"
"6125a04912f9e017109735ef","microservices-libraries","thongsav-usgs/microservices-libraries","8","170","18","18","17564","4633","LOW","HIGH","HIGH","HIGH","8"
"6125a04c12f9e0171097369b","fanciful","MrStickmanPro1/fanciful","16","153","9","7","17258","4126","LOW","HIGH","HIGH","HIGH","8"
"6125a0ec12f9e023144b03c2","ssh-slaves-plugin","sata/ssh-slaves-plugin","16","257","11","8","27093","1965","LOW","HIGH","HIGH","HIGH","8"
"6125a0f012f9e023144b04eb","plantuml4idea","satishgoda/plantuml4idea","10","149","45","42","22876","4074","LOW","HIGH","HIGH","HIGH","8"
"61266ef612f9e004b01aa01d","Gestion-de-la-Informacion","lbarberan/Gestion-de-la-Informacion","1","7","20","23","1362","45120","HIGH","LOW","LOW","LOW","9"
"61266ef812f9e004b01aa026","gexf4j","tadas-subonis/gexf4j","2","13","66","74","2400","65212","HIGH","LOW","LOW","LOW","9"
"612670ea12f9e00fb47da955","Capstone","cmiyachi/Capstone","1","13","269","243","1064","50571","HIGH","LOW","LOW","LOW","9"
"612670ef12f9e00fb47da964","PongPong","savuvaris/PongPong","2","16","9","9","962","67534","HIGH","LOW","LOW","LOW","9"
"6126c75612f9e02a141b572e","ucitel","strafelda/ucitel","1","7","50","50","291","66482","HIGH","LOW","LOW","LOW","9"
"6126c75a12f9e02a141b5737","stackmob_facebook","sayedabdelgleel/stackmob_facebook","2","8","5","5","317","40915","HIGH","LOW","LOW","LOW","9"
"6126c81812f9e02f0c1c54f2","zaina","sayi21cn/zaina","1","12","241","162","2717","51800","HIGH","LOW","LOW","LOW","9"
"6126c81c12f9e02f0c1c5500","Facebook","carlosgomezr/Facebook","1","19","122","206","555","41608","HIGH","LOW","LOW","LOW","9"
"6126cb3c12f9e04dac0d0a9a","javabook","taijizhao/javabook","1","22","74","68","1533","45314","HIGH","LOW","LOW","LOW","9"
"6126cb3f12f9e04dac0d0ab2","ResearchServicePlatform","azlanismail/ResearchServicePlatform","1","22","193","56","3300","29210","HIGH","LOW","LOW","LOW","9"
"6128130912f9e02c4cf46964","Stage-IMC","Fab-Kakcha/Stage-IMC","1","8","88","81","1391","67404","HIGH","LOW","LOW","LOW","9"
"6128130d12f9e02c4cf4696e","sinhala_word_predictor","Shan1024/sinhala_word_predictor","1","16","8","6","371","44371","HIGH","LOW","LOW","LOW","9"
"6128172112f9e02b101001ac","FindWord","shanavas786/FindWord","1","8","2","2","354","62932","HIGH","LOW","LOW","LOW","9"
"6128172312f9e02b101001b6","Dissertation","TaliUni/Dissertation","1","9","147","204","451","40956","HIGH","LOW","LOW","LOW","9"
"6128183312f9e00a60806bb9","TodoListManager","TalyaBaris/TodoListManager","1","10","6","8","1003","29240","HIGH","LOW","LOW","LOW","9"
"6128183612f9e00a60806bc8","WreckItRalph","Haktrum/WreckItRalph","2","22","28","27","983","41566","HIGH","LOW","LOW","LOW","9"
"61281ced12f9e0154842cf94","ProgKrmmer","Scarjit/ProgKrmmer","1","8","0","69","897","54366","HIGH","LOW","LOW","LOW","9"
"61281cf312f9e0154842cf9e","CustomJMetal","weilixu/CustomJMetal","1","16","0","368","666","61889","HIGH","LOW","LOW","LOW","9"
"61281da112f9e031f096050a","citytest","schabiyo/citytest","1","12","7","7","2429","43101","HIGH","LOW","LOW","LOW","9"
"61281da412f9e031f0960518","topic-models-java","mranahmd/topic-models-java","1","7","14","14","1994","58974","HIGH","LOW","LOW","LOW","9"
"6128256812f9e050cce2c861","uoregon-coursework","KrellTheHuman/uoregon-coursework","2","25","26","35","2475","51893","HIGH","LOW","LOW","LOW","9"
"6128256a12f9e050cce2c87c","CN1Pisces","shannah/CN1Pisces","2","22","60","48","1847","69554","HIGH","LOW","LOW","LOW","9"
"61282c0012f9e03cc06f8edd","MechinasMagick","Suatae/MechinasMagick","2","15","374","360","2070","36207","HIGH","LOW","LOW","LOW","9"
"61282c0512f9e03cc06f8eee","boggle","tammurmas/boggle","1","14","21","17","2202","57448","HIGH","LOW","LOW","LOW","9"
"6128308d12f9e0042c21c811","RGGE-snake","spanishtech/RGGE-snake","2","14","45","47","2068","43885","HIGH","LOW","LOW","LOW","9"
"6128309012f9e0042c21c826","bracketeer","schrockwell/bracketeer","1","12","16","13","1935","39451","HIGH","LOW","LOW","LOW","9"
"6128337512f9e0500ca4c06d","DVS","heatherhua/DVS","2","8","28","27","1059","44474","HIGH","LOW","LOW","LOW","9"
"6128337912f9e0500ca4c077","spring-restful-authorization","ScienJus/spring-restful-authorization","1","7","13","16","2233","38435","HIGH","LOW","LOW","LOW","9"
"612834aa12f9e044e81ba452","BAN","sjbrown4/BAN","2","15","73","26","1456","44704","HIGH","LOW","LOW","LOW","9"
"612834b112f9e044e81ba46a","code-marmalade","sjchicks/code-marmalade","1","10","51","28","580","68499","HIGH","LOW","LOW","LOW","9"
"612a94bd12f9e00ae063e9c5","amazon-products-api","sorisum/amazon-products-api","1","11","262","202","25703","63478","HIGH","LOW","LOW","HIGH","10"
"612a94c012f9e00ae063e9d2","shooting-platformer","swooasd/shooting-platformer","1","24","119","117","31008","33455","HIGH","LOW","LOW","HIGH","10"
"612a95c512f9e0533cdac46e","pentaho-plugin-skeletons","rfellows/pentaho-plugin-skeletons","2","18","24","29","20314","61582","HIGH","LOW","LOW","HIGH","10"
"612a95ca12f9e0533cdac482","Information-Retrieval-System-AJP-","MasqueCrow/Information-Retrieval-System-AJP-","2","10","3","2","29554","37746","HIGH","LOW","LOW","HIGH","10"
"612d772c12f9e03a2caf0df8","svm","ldez/svm","2","24","317","317","18849","28781","HIGH","LOW","LOW","HIGH","10"
"612d773112f9e03a2caf0e12","sparql2stream","eugenesiow/sparql2stream","2","19","38","37","17858","63491","HIGH","LOW","LOW","HIGH","10"
"612d783112f9e017fc080623","hl7output","sdoxsee/hl7output","2","25","46","46","33239","43763","HIGH","LOW","LOW","HIGH","10"
"612d783512f9e017fc08063f","AutoTrading","tdinhvn/AutoTrading","2","10","111","111","27591","29163","HIGH","LOW","LOW","HIGH","10"
"612d7fbd12f9e052ac4892e6","TopSE-WekaSample","tdoi/TopSE-WekaSample","2","17","6","6","40205","33194","HIGH","LOW","LOW","HIGH","10"
"612d7fc012f9e052ac4892fa","Chess","sprenkle/Chess","2","11","57","56","28574","45017","HIGH","LOW","LOW","HIGH","10"
"612d83b012f9e049c4c702e8","mybatis-generator","sl521100/mybatis-generator","2","17","258","256","20949","41515","HIGH","LOW","LOW","HIGH","10"
"612d83b412f9e049c4c702fb","kendzi3d-resources","kendzi/kendzi3d-resources","2","9","1","1","24435","53031","HIGH","LOW","LOW","HIGH","10"
"612d855712f9e04af0354b62","jlatexmathfx","bitstormGER/jlatexmathfx","2","21","184","159","17985","44056","HIGH","LOW","LOW","HIGH","10"
"612d855a12f9e04af0354b7b","citytest","sunilchaurha/citytest","2","14","7","7","21267","43104","HIGH","LOW","LOW","HIGH","10"
"612d862612f9e04d906ca7d5","ip-line-analysis","slimina/ip-line-analysis","2","15","7","7","20384","54625","HIGH","LOW","LOW","HIGH","10"
"612d862912f9e04d906ca7e6","TextClassificationNB","Shobhit1/TextClassificationNB","2","18","5","5","29862","34735","HIGH","LOW","LOW","HIGH","10"
"612d870812f9e00c440127ef","kml22","tvesalainen/kml22","1","17","180","145","36816","41196","HIGH","LOW","LOW","HIGH","10"
"612d870c12f9e00c44012805","PointsAndCurves","TW2/PointsAndCurves","1","23","108","97","29579","33654","HIGH","LOW","LOW","HIGH","10"
"612d89b512f9e03e7445f54b","crackinterview","xingyun82/crackinterview","2","11","466","402","19588","30589","HIGH","LOW","LOW","HIGH","10"
"612d89ba12f9e03e7445f558","PersistentBTree","sandfort/PersistentBTree","1","7","9","9","24600","46576","HIGH","LOW","LOW","HIGH","10"
"612d8a4512f9e05678a05347","wub","TheShihan/wub","1","9","93","93","24897","32931","HIGH","LOW","LOW","HIGH","10"
"612d8a4812f9e05678a05352","occam","svengladines/occam","1","8","193","209","16689","45910","HIGH","LOW","LOW","HIGH","10"
"612d8b7d12f9e04d3498faa0","quartz-explained","zhangwei5095/quartz-explained","2","19","329","265","18373","69375","HIGH","LOW","LOW","HIGH","10"
"612d8b8012f9e04d3498fab5","CLARA","thisisdaleb/CLARA","2","8","324","528","35192","52055","HIGH","LOW","LOW","HIGH","10"
"612d8c9712f9e02560541440","cas-client-v3.2.2","xushaomin/cas-client-v3.2.2","2","14","144","294","16755","40009","HIGH","LOW","LOW","HIGH","10"
"612d8c9a12f9e02560541450","dagGen","wblankenship/dagGen","1","14","15","14","22388","45485","HIGH","LOW","LOW","HIGH","10"
"612d8e4c12f9e05a281e42e3","fixml-converter","sarxos/fixml-converter","2","11","26","27","23734","29132","HIGH","LOW","LOW","HIGH","10"
"612d8e5012f9e05a281e42f0","im4java","umbreak/im4java","2","8","99","93","19956","48036","HIGH","LOW","LOW","HIGH","10"
"612d8ffc12f9e031800e5a41","UtilityFramework","webwalker/UtilityFramework","2","10","246","202","18960","36255","HIGH","LOW","LOW","HIGH","10"
"612d8ffe12f9e031800e5a4d","AHaH","timmolter/AHaH","2","13","182","173","36756","52713","HIGH","LOW","LOW","HIGH","10"
"612ecc6412f9e04d0c62638f","freesound-java","Sonoport/freesound-java","2","158","116","117","742","32352","HIGH","HIGH","LOW","LOW","13"
"612ecc6912f9e04d0c62643b","LittleMaidMobNX","bluespace99/LittleMaidMobNX","1","169","160","155","2884","33404","HIGH","HIGH","LOW","LOW","13"
"6131001c12f9e017cc0c8279","blade","gaoxianglong/blade","2","153","156","162","1966","36904","HIGH","HIGH","LOW","LOW","13"
"6131002012f9e017cc0c8325","opendial","kod3r/opendial","2","284","181","144","2492","55285","HIGH","HIGH","LOW","LOW","13"
"6131058112f9e00f5898a2f8","cyclops","The-Royal-We/cyclops","2","246","413","304","1604","35840","HIGH","HIGH","LOW","LOW","13"
"6131058612f9e00f5898a3fc","field-binder","tyl/field-binder","2","279","130","118","2830","38203","HIGH","HIGH","LOW","LOW","13"
"6131570612f9e02bd8115b82","Prism","Xoric/Prism","2","269","500","520","1996","43078","HIGH","HIGH","LOW","LOW","13"
"6131575612f9e02bd8115c91","bilougame","thoced/bilougame","1","232","92","90","1610","32883","HIGH","HIGH","LOW","LOW","13"
"6131584412f9e03994a74a9e","zhizaolian","zhizaolian/zhizaolian","2","172","137","113","1446","40212","HIGH","HIGH","LOW","LOW","13"
"6131584812f9e03994a74b4c","ZHSAN2","t0903/ZHSAN2","1","228","85","57","1910","62343","HIGH","HIGH","LOW","LOW","13"
"61315b5012f9e03b60114143","urandumodule","urandu/urandumodule","1","148","9","9","730","48140","HIGH","HIGH","LOW","LOW","13"
"61315b5412f9e03b601141d9","TOProjectGUI","TO2-2014-Kosci/TOProjectGUI","2","236","82","86","2533","41227","HIGH","HIGH","LOW","LOW","13"
"61315f6012f9e0324066e833","LoveSports","wscsm/LoveSports","2","169","231","173","412","39351","HIGH","HIGH","LOW","LOW","13"
"61315f6512f9e0324066e8de","weixin-java-tools","yuminglong/weixin-java-tools","2","152","200","176","3209","30467","HIGH","HIGH","LOW","LOW","13"
"61316ef912f9e0252c4ed038","outgrader-proxy","talkvip/outgrader-proxy","2","286","72","69","1716","52007","HIGH","HIGH","LOW","LOW","13"
"61316efe12f9e0252c4ed161","CNode-Material-Design","guozqiu/CNode-Material-Design","1","266","79","66","1153","30123","HIGH","HIGH","LOW","LOW","13"
"6131740912f9e037bc1e4ce5","gwt2dskeltalbone","akjava/gwt2dskeltalbone","1","177","201","137","1541","33120","HIGH","HIGH","LOW","LOW","13"
"6131740e12f9e037bc1e4d98","samples","sebinson/samples","2","150","313","327","1866","68578","HIGH","HIGH","LOW","LOW","13"
"613174c712f9e01e04fa55d4","record-indexer","zaphinath/record-indexer","2","195","91","88","882","46277","HIGH","HIGH","LOW","LOW","13"
"613174cc12f9e01e04fa5699","cocostudio-ui-libgdx","wailedoak90/cocostudio-ui-libgdx","2","158","39","38","951","39886","HIGH","HIGH","LOW","LOW","13"
"613177e512f9e035e4c0257f","rong","xiaoshengping/rong","1","308","235","193","1081","51763","HIGH","HIGH","LOW","LOW","13"
"613177ec12f9e035e4c026b5","OGP-Deel-3","SvenVerret/OGP-Deel-3","2","156","226","168","648","36658","HIGH","HIGH","LOW","LOW","13"
"6131793512f9e039c012aa3e","ExamHelperServer","xmuzhangshuai/ExamHelperServer","2","325","167","167","731","51368","HIGH","HIGH","LOW","LOW","13"
"6131793c12f9e039c012ab85","MyGitHubIssueTracker","ZiXian92/MyGitHubIssueTracker","1","173","34","34","1002","31386","HIGH","HIGH","LOW","LOW","13"
"613180bd12f9e037901233e3","sissi","softprog/sissi","2","248","649","589","3314","45082","HIGH","HIGH","LOW","LOW","13"
"613180cb12f9e037901234dd","base-framework","znn/base-framework","2","153","145","154","2181","33847","HIGH","HIGH","LOW","LOW","13"
"6131831012f9e03398baa84e","TreasuresGleaner","timxie2008/TreasuresGleaner","2","257","52","58","2751","46230","HIGH","HIGH","LOW","LOW","13"
"6131833212f9e03398baa953","ID2212","alafroiskiotos/ID2212","2","164","163","214","1298","39388","HIGH","HIGH","LOW","LOW","13"
"6133a76412f9e02ef0ce226f","graphstore","eduramiba/graphstore","2","332","241","163","25908","53173","HIGH","HIGH","LOW","HIGH","14"
"6133a76f12f9e02ef0ce23d3","entreri","antag99/entreri","2","225","147","137","28772","53406","HIGH","HIGH","LOW","HIGH","14"
"6133a87412f9e02d7c8b59a2","behemoth","shivainnec/behemoth","2","165","63","56","16992","51562","HIGH","HIGH","LOW","HIGH","14"
"6133a87912f9e02d7c8b5a4f","leetcode","superlambda/leetcode","2","216","372","320","22988","34405","HIGH","HIGH","LOW","HIGH","14"
"6133ab4c12f9e01444eba96d","dexcoder-assistant","selfly/dexcoder-assistant","1","159","170","166","33069","28974","HIGH","HIGH","LOW","HIGH","14"
"6133ab5312f9e01444ebaa26","tendiwa-backend","Suseika/tendiwa-backend","1","283","746","704","17069","43706","HIGH","HIGH","LOW","HIGH","14"
"6133aeac12f9e032c03a91ca","ShoppingAPI","tyoras/ShoppingAPI","1","243","165","181","26997","54913","HIGH","HIGH","LOW","HIGH","14"
"6133aeb212f9e032c03a92d9","liteloaderclone","svn2github/liteloaderclone","2","240","295","283","26823","41674","HIGH","HIGH","LOW","HIGH","14"
"6133af6912f9e045f8608503","translate-swf","StuartMacKay/translate-swf","1","209","28","32","39813","34440","HIGH","HIGH","LOW","HIGH","14"
"6133af7512f9e045f86085d6","Tales","Talvish/Tales","2","172","320","359","33323","42858","HIGH","HIGH","LOW","HIGH","14"
"6133b03612f9e03a94bacd35","java-template","xuesong123/java-template","2","255","281","271","33190","65779","HIGH","HIGH","LOW","HIGH","14"
"6133b04312f9e03a94bace38","flousy","sasd13/flousy","2","335","191","197","20174","42173","HIGH","HIGH","LOW","HIGH","14"
"6133b20312f9e024a840de19","IntelliJadPlus","zielu/IntelliJadPlus","1","158","132","130","22570","35741","HIGH","HIGH","LOW","HIGH","14"
"6133b20812f9e024a840dedb","HeartLive","TihiyTi/HeartLive","2","229","170","168","23561","43005","HIGH","HIGH","LOW","HIGH","14"
"6133b65c12f9e005544cf37f","webmotion-netbeans","webmotion-framework/webmotion-netbeans","2","261","55","46","18204","30289","HIGH","HIGH","LOW","HIGH","14"
"6133b66212f9e005544cf48b","Jackal","ChiralBehaviors/Jackal","1","338","311","256","17784","35588","HIGH","HIGH","LOW","HIGH","14"
"6133b77912f9e0211c08aa22","MagicSpells","ShadowHunter1123/MagicSpells","2","192","463","370","24967","52482","HIGH","HIGH","LOW","HIGH","14"
"6133b78012f9e0211c08aae4","cmef","zv1n/cmef","1","151","24","22","33233","37713","HIGH","HIGH","LOW","HIGH","14"
"6133bc2112f9e0399cff66c5","spring-batch-admin","willschipp/spring-batch-admin","2","356","272","236","20259","33311","HIGH","HIGH","LOW","HIGH","14"
"6133bc2812f9e0399cff683f","jot","teebeck/jot","2","182","160","145","23951","68636","HIGH","HIGH","LOW","HIGH","14"
"6133bc9812f9e0321806f28e","elasticsearch-osmosis-plugin","Wicowyn/elasticsearch-osmosis-plugin","2","150","40","35","16811","58477","HIGH","HIGH","LOW","HIGH","14"
"6133bc9c12f9e0321806f32d","proevolutionsimulation","yoavram/proevolutionsimulation","1","254","152","146","35572","51715","HIGH","HIGH","LOW","HIGH","14"
"6133bdb612f9e046acce0fc1","habitTodo","cyberocw/habitTodo","2","163","139","92","28414","31517","HIGH","HIGH","LOW","HIGH","14"
"6133bdc012f9e046acce1067","Aluminum","salmans/Aluminum","2","155","145","97","17184","32351","HIGH","HIGH","LOW","HIGH","14"
"6133be9112f9e01ce06531f5","jpf-jdwp","stepanv/jpf-jdwp","2","331","229","200","16921","32240","HIGH","HIGH","LOW","HIGH","14"
"6133be9a12f9e01ce0653343","monsterwar","yulihzn/monsterwar","2","181","185","173","20119","30147","HIGH","HIGH","LOW","HIGH","14"
"6133c08612f9e01c40c32d66","bpmn-simulator","steschw/bpmn-simulator","2","298","342","317","31110","29223","HIGH","HIGH","LOW","HIGH","14"
"6133c09212f9e01c40c32e93","JavaProjects","woofers/JavaProjects","2","331","164","158","32115","62388","HIGH","HIGH","LOW","HIGH","14"
"6133c41b12f9e02fd8bc5c6e","SourceColon","watermint/SourceColon","2","153","162","149","17930","49092","HIGH","HIGH","LOW","HIGH","14"
"6133c42512f9e02fd8bc5d40","Green_Day_Lyrics","vishal0071/Green_Day_Lyrics","2","151","64","60","35224","37442","HIGH","HIGH","LOW","HIGH","14"
"613685c2ff0b202720ef6e6e","neu-sep-15","AndersonHJ/neu-sep-15","15","319","150","100","1991","36367","HIGH","HIGH","HIGH","LOW","15"
"613685c9ff0b202720ef6faf","TextRPG-SCE","borisd9/TextRPG-SCE","7","248","32","31","2256","56625","HIGH","HIGH","HIGH","LOW","15"
"613689dbff0b202f545a6f65","Artesanal","abibp/Artesanal","7","219","71","71","1560","41248","HIGH","HIGH","HIGH","LOW","15"
"613689e0ff0b202f545a7042","kiji-schema","shashir/kiji-schema","14","208","321","286","2855","53863","HIGH","HIGH","HIGH","LOW","15"
"61368c76ff0b2038482cd74c","Synagogue-Cemetery","skearns4/Synagogue-Cemetery","8","165","17","8","1659","29366","HIGH","HIGH","HIGH","LOW","15"
"61368c7aff0b2038482cd7f5","Plume","SKCraft/Plume","8","335","477","379","2778","35271","HIGH","HIGH","HIGH","LOW","15"
"61368d96ff0b203358d80113","schema-registry","ProjectFlorida/schema-registry","12","282","102","102","3137","29008","HIGH","HIGH","HIGH","LOW","15"
"61368d9aff0b203358d80244","gdx-ai","sky4star/gdx-ai","10","153","228","200","2814","31954","HIGH","HIGH","HIGH","LOW","15"
"61368e69ff0b202d804a5fe6","BuildCraft","skyerday/BuildCraft","14","165","373","375","1389","41086","HIGH","HIGH","HIGH","LOW","15"
"61368e6eff0b202d804a6090","PraktikumSS13-WLAN-Fingerprint","tcuje/PraktikumSS13-WLAN-Fingerprint","9","345","48","39","2297","33469","HIGH","HIGH","HIGH","LOW","15"
"61369075ff0b203c4c54ad54","product-mss","dinusha-dilrukshi/product-mss","12","352","147","134","906","51806","HIGH","HIGH","HIGH","LOW","15"
"6136907aff0b203c4c54aeb6","TTT","Team4FHV/TTT","12","198","143","143","907","52467","HIGH","HIGH","HIGH","LOW","15"
"61369224ff0b20127c73e4e1","SWE2","shohnwal/SWE2","9","219","86","83","2381","45221","HIGH","HIGH","HIGH","LOW","15"
"61369229ff0b20127c73e5be","CanaryLib","zaurek/CanaryLib","8","306","200","203","1491","31212","HIGH","HIGH","HIGH","LOW","15"
"61369d70ff0b20260822ebf8","orbit","xinqianli/orbit","10","211","224","176","455","36947","HIGH","HIGH","HIGH","LOW","15"
"61369d78ff0b20260822ecf7","ese2013-team5","theodortruffer/ese2013-team5","9","256","86","72","1736","54941","HIGH","HIGH","HIGH","LOW","15"
"61369e68ff0b203e707ce251","SLogo","thewillchang/SLogo","13","334","155","155","1929","68127","HIGH","HIGH","HIGH","LOW","15"
"61369e82ff0b203e707ce3ab","life","smcelroy/life","8","217","36","36","2076","54020","HIGH","HIGH","HIGH","LOW","15"
"61369f79ff0b201d48c904d3","AngryBirdsS3K5","svevia/AngryBirdsS3K5","9","177","68","68","2817","66713","HIGH","HIGH","HIGH","LOW","15"
"61369f80ff0b201d48c90586","Quoridor","smithtd/Quoridor","8","338","26","26","2375","30555","HIGH","HIGH","HIGH","LOW","15"
"6136a073ff0b202db453d316","Tabula","MagikModder/Tabula","8","166","79","77","3315","30684","HIGH","HIGH","HIGH","LOW","15"
"6136a078ff0b202db453d3be","LanteaCraft","MagikModder/LanteaCraft","8","351","418","390","2716","39767","HIGH","HIGH","HIGH","LOW","15"
"6136bfc3ff0b2023a00169c8","UnivHousing","UniHousing/UnivHousing","8","212","158","157","1360","34047","HIGH","HIGH","HIGH","LOW","15"
"6136bfc9ff0b2023a0016aa3","skriv","zoso10/skriv","7","272","32","33","2231","32009","HIGH","HIGH","HIGH","LOW","15"
"6136c094ff0b2046e4c0c4c6","AngryBirdsM1","Tititesouris/AngryBirdsM1","9","202","81","59","2768","61661","HIGH","HIGH","HIGH","LOW","15"
"6136c09bff0b2046e4c0c592","gwt-d3","Tiviz/gwt-d3","7","151","201","171","1283","38103","HIGH","HIGH","HIGH","LOW","15"
"6136c256ff0b2027a0ae61ab","ceylon-model","tkaitchuck/ceylon-model","9","334","136","125","2074","37187","HIGH","HIGH","HIGH","LOW","15"
"6136c25cff0b2027a0ae6301","project-manager-app","yash7/project-manager-app","13","233","90","83","1812","35004","HIGH","HIGH","HIGH","LOW","15"
"61392f71ff0b204d98f8bef8","spriter","thorthur/spriter","8","168","70","50","25097","37243","HIGH","HIGH","HIGH","HIGH","16"
"61392f7eff0b204d98f8bfa2","Intro-To-RxJava","bolein/Intro-To-RxJava","11","312","111","93","18941","34707","HIGH","HIGH","HIGH","HIGH","16"
"6139519eff0b2008e4395d53","TarsosDSP","Cool04ek/TarsosDSP","12","261","278","241","39113","45980","HIGH","HIGH","HIGH","HIGH","16"
"613951b0ff0b2008e4395e6b","spring-boot-email-tools","robertotru/spring-boot-email-tools","8","229","135","129","26784","31999","HIGH","HIGH","HIGH","HIGH","16"
"61395308ff0b20072cb5dd6c","strongback-java","strongback/strongback-java","12","217","197","156","18091","31635","HIGH","HIGH","HIGH","HIGH","16"
"6139530bff0b20072cb5de6d","incubator-batchee","struberg/incubator-batchee","7","211","661","526","19284","63996","HIGH","HIGH","HIGH","HIGH","16"
"6139561aff0b2050bccfaa1c","Quantum","stubailo/Quantum","8","302","153","162","23815","38223","HIGH","HIGH","HIGH","HIGH","16"
"61395621ff0b2050bccfab52","cp-openrdf-utils","sotty/cp-openrdf-utils","12","165","77","65","38014","41647","HIGH","HIGH","HIGH","HIGH","16"
"613957b6ff0b204f44216218","cwac-camera","scana/cwac-camera","8","212","82","40","22245","30900","HIGH","HIGH","HIGH","HIGH","16"
"613957baff0b204f4421630b","SimpleClansLite","stutiguias/SimpleClansLite","12","284","62","64","22626","39325","HIGH","HIGH","HIGH","HIGH","16"
"61395be1ff0b2006f48f934e","preon","schallee/preon","10","182","439","288","28659","43290","HIGH","HIGH","HIGH","HIGH","16"
"61395be9ff0b2006f48f9420","dcsim","hajirezas/dcsim","8","358","144","140","25127","29312","HIGH","HIGH","HIGH","HIGH","16"
"613963c6ff0b2039cca452ce","DragonTravel","DrkMatr1984/DragonTravel","10","153","72","63","29049","50675","HIGH","HIGH","HIGH","HIGH","16"
"613963cbff0b2039cca45369","clustering-file-reader","spectra-cluster/clustering-file-reader","9","235","23","22","35669","49089","HIGH","HIGH","HIGH","HIGH","16"
"613969c9ff0b20269c633032","jvm-tools","sherman/jvm-tools","10","168","351","201","30492","38108","HIGH","HIGH","HIGH","HIGH","16"
"613969ceff0b20269c6330ee","Atum","Shadowclaimer/Atum","14","326","155","154","22476","31189","HIGH","HIGH","HIGH","HIGH","16"
"613a8f33ff0b2030b48db7ac","openblocks","taweili/openblocks","12","176","184","133","34982","57004","HIGH","HIGH","HIGH","HIGH","16"
"613a8f3eff0b2030b48db85e","cloudinary_java","sky-room-z/cloudinary_java","11","207","69","72","22812","33846","HIGH","HIGH","HIGH","HIGH","16"
"613a910aff0b20405c78de25","vaadinator","dve/vaadinator","7","317","133","182","21078","59188","HIGH","HIGH","HIGH","HIGH","16"
"613a9111ff0b20405c78df77","ForbiddenMagic","SpitefulFox/ForbiddenMagic","13","254","355","361","19149","30288","HIGH","HIGH","HIGH","HIGH","16"
"613a91edff0b2052c0e23cd2","JTrace","chinkong83/JTrace","7","261","84","77","30333","30056","HIGH","HIGH","HIGH","HIGH","16"
"613a91f2ff0b2052c0e23ddc","siren-join","sirensolutions/siren-join","10","231","144","111","18137","33525","HIGH","HIGH","HIGH","HIGH","16"
"613a92ffff0b20498ca94da8","javamoney-lib","priestd09/javamoney-lib","7","289","164","160","21555","33056","HIGH","HIGH","HIGH","HIGH","16"
"613a930bff0b20498ca94edb","SimpleClans","sumdream/SimpleClans","15","333","86","88","32648","42523","HIGH","HIGH","HIGH","HIGH","16"
"613afdf92f4ee025fc8cf05d","onebusaway-gtfs-modules","skywave/onebusaway-gtfs-modules","7","262","264","223","25389","28883","HIGH","HIGH","HIGH","HIGH","16"
"613afdff2f4ee025fc8cf188","BDSup2Sub","killerpot/BDSup2Sub","7","166","259","118","36329","28977","HIGH","HIGH","HIGH","HIGH","16"
"613aff5b2f4ee039c0fc965e","arquillian-extension-persistence","seanhussey/arquillian-extension-persistence","13","230","313","287","26420","38656","HIGH","HIGH","HIGH","HIGH","16"
"613aff632f4ee039c0fc974f","openmrs-module-sync","sunbiz/openmrs-module-sync","14","307","125","121","31126","31830","HIGH","HIGH","HIGH","HIGH","16"
"613b00d92f4ee02c94e3a76a","pdi-sdk-plugins","sunfang1cn/pdi-sdk-plugins","11","151","51","51","26978","57695","HIGH","HIGH","HIGH","HIGH","16"
"613b00dd2f4ee02c94e3a887","ice4j","sroze/ice4j","7","336","206","190","30724","52571","HIGH","HIGH","HIGH","HIGH","16"
"613e0c4e2f4ee04c484f06cb","Timeline-App","SimonWuQM/Timeline-App","2","297","94","79","1974","35021","HIGH","HIGH","LOW","LOW","13"
"613e0c622f4ee04c484f07f6","PiixColor","Ysnir/PiixColor","2","210","26","19","2359","59617","HIGH","HIGH","LOW","LOW","13"
"6149331a08386a385832accb","TeamDoge","tngyn/TeamDoge","8","261","49","35","1137","61242","HIGH","HIGH","HIGH","LOW","15"
"6149331f08386a385832adf3","secret-octo-cyril","zyzzyplyx/secret-octo-cyril","15","161","303","268","1179","49647","HIGH","HIGH","HIGH","LOW","15"
"6171d6b0b3e43805b0751f0f","graphite-plugin","hivemq/graphite-plugin","11","20","13","10","35065","2615","LOW","LOW","HIGH","HIGH","4"
"6171d6b1b3e43805b0751f25","mongo-lucene","krablak/mongo-lucene","7","23","8","8","26494","3044","LOW","LOW","HIGH","HIGH","4"
"6171d748b3e43839a0dbe02d","spring-data-envers","Vaelyr/spring-data-envers","7","22","14","13","31592","1553","LOW","LOW","HIGH","HIGH","4"
"6171d749b3e43839a0dbe046","ViewServer","LouisCAD/ViewServer","11","24","6","2","37825","1596","LOW","LOW","HIGH","HIGH","4"
"6171d7a3b3e438354c1f9772","duo_client_java","skavanagh/duo_client_java","7","24","8","7","32402","2761","LOW","LOW","HIGH","HIGH","4"
"6171d7a5b3e438354c1f978c","postmark-java","sproutsocial/postmark-java","8","23","9","11","33049","2098","LOW","LOW","HIGH","HIGH","4"
"6171d84cb3e4384334731427","netty-servlet-bridge","samie/netty-servlet-bridge","7","25","38","37","17537","4589","LOW","LOW","HIGH","HIGH","4"
"6171d84db3e4384334731442","platform-external-mockwebserver","yinquan529/platform-external-mockwebserver","8","23","8","8","19518","3326","LOW","LOW","HIGH","HIGH","4"
"6171d904b3e4383f4c76c29a","Simple-Java-Calculator","hczhcz/Simple-Java-Calculator","7","22","6","6","31133","4658","LOW","LOW","HIGH","HIGH","4"
"6171d905b3e4383f4c76c2b3","sourcemonitor-plugin","st3v3nr3id/sourcemonitor-plugin","7","15","12","12","34055","1872","LOW","LOW","HIGH","HIGH","4"
"6171d94ab3e43818848dd94d","dopa-packages","tronador80/dopa-packages","8","14","13","6","25264","1849","LOW","LOW","HIGH","HIGH","4"
"6171d94bb3e43818848dd95d","xlr-addon-for-jira","xebialabs-community/xlr-addon-for-jira","8","25","14","13","32639","2920","LOW","LOW","HIGH","HIGH","4"
"6171d9e0b3e43827949d8605","android-pulltorefresh-and-loadmore","taipham/android-pulltorefresh-and-loadmore","8","13","12","6","21405","1740","LOW","LOW","HIGH","HIGH","4"
"6171d9e0b3e43827949d8614","AndroidCountryPicker","NextFaze/AndroidCountryPicker","9","21","6","5","19764","2109","LOW","LOW","HIGH","HIGH","4"
"6171db18b3e438426c120c14","gplus-quickstart-android","Sukamal-Das/gplus-quickstart-android","10","20","1","1","18196","2981","LOW","LOW","HIGH","HIGH","4"
"6171db19b3e438426c120c2a","google-play-services","txedo/google-play-services","11","25","1","1","19789","4309","LOW","LOW","HIGH","HIGH","4"
"6171db80b3e4383954bf8ba8","advanced-windows-service-check-monitor","uptimesoftware/advanced-windows-service-check-monitor","9","25","4","3","22666","2517","LOW","LOW","HIGH","HIGH","4"
"6171db81b3e4383954bf8bc7","android-tamilvisai","thamizha/android-tamilvisai","7","25","13","12","20511","3857","LOW","LOW","HIGH","HIGH","4"
"6171e443b3e43823941972f9","M1_IL_ASAMOA","moranegg/M1_IL_ASAMOA","7","18","8","8","1056","35638","HIGH","LOW","HIGH","LOW","11"
"6171e447b3e438239419730d","Donjon","SchSam/Donjon","10","14","39","40","694","31566","HIGH","LOW","HIGH","LOW","11"
"6171e487b3e4383fe4bbaf3a","java-sdk","ravirkulkarni/java-sdk","7","25","133","98","3151","47834","HIGH","LOW","HIGH","LOW","11"
"6171e48fb3e4383fe4bbaf56","skytree","skytree-jk/skytree","7","21","43","11","551","37465","HIGH","LOW","HIGH","LOW","11"
"61745e96b3e43817084b4da4","Airavat","zbc0813/Airavat","7","22","17","14","510","65559","HIGH","LOW","HIGH","LOW","11"
"61745e98b3e43817084b4dbc","techpedia","Yagya-techpedia/techpedia","8","24","205","205","2833","62241","HIGH","LOW","HIGH","LOW","11"
"61746097b3e4383b94711543","io2014-codelabs","zoosky/io2014-codelabs","9","15","95","90","1069","31750","HIGH","LOW","HIGH","LOW","11"
"61746099b3e4383b94711554","deadRecommender","SimonRaper/deadRecommender","7","11","5","5","1933","54457","HIGH","LOW","HIGH","LOW","11"
"6175637d359b711aacaa9248","semoss","semoss/semoss","8","13","239","233","16925","39493","HIGH","LOW","HIGH","HIGH","12"
"61756380359b711aacaa9257","platform-external-replicaisland","yinquan529/platform-external-replicaisland","7","12","204","142","19933","35881","HIGH","LOW","HIGH","HIGH","12"
"617563f1359b71313853a383","ESign","Turksat/ESign","8","17","206","209","33308","33282","HIGH","LOW","HIGH","HIGH","12"
